.<odoo>
    <data>
        <!-- name = fields.Char(string=u'Linea', required=True)
    representante_ids = fields.Many2many('res.partner', string='Representante(s)', required=True)
    vacio_ids = fields.Many2many('product.product', string=u'Vacíos')
    agente_portuario_ids = fields.Many2many('product.product', string=u'Agentes portuarios')
     -->
        <record id="tipo_contenedor_20ST" model="sale.contenedor.tipo">
            <field name="name">20'ST</field>
        </record>
        <record id="tipo_contenedor_40ST" model="sale.contenedor.tipo">
            <field name="name">40'ST</field>
        </record>
        <record id="tipo_contenedor_40HC" model="sale.contenedor.tipo">
            <field name="name">40'HC</field>
        </record>
        <record id="tipo_contenedor_40RF" model="sale.contenedor.tipo">
            <field name="name">40'RF</field>
        </record>
    </data>
</odoo>